{
  "totalTrades": 4,
  "successfulTrades": 3,
  "totalProfit": 0.0006643817998642663,
  "totalLoss": 0,
  "bestTrade": 0.00031670261496223855,
  "worstTrade": 0,
  "winRate": 100
}