{
  "totalTrades": 4,
  "successfulTrades": 2,
  "totalProfit": 0.0004024951222965508,
  "totalLoss": 0,
  "bestTrade": 0.00031670261496223855,
  "worstTrade": 0,
  "winRate": 100
}